<parameters>
  <parameter name="Application Path" description="Full site path where you would like to install your application (i.e., Default Web Site/Content)" defaultValue="Default Web Site/Content" tags="iisapp">
    <parameterEntry type="ProviderPath" scope="iisapp" match="WebSite" />
  </parameter>
  <!-- "Sitecore Admin New Password" for this role, will be removed in next major release -->
  <parameter name="Sitecore Admin New Password" description="" tags="SQL, Hidden, DbUserPassword">
    <parameterEntry type="TextFile" scope="SetSitecoreAdminPassword.sql" match="PlaceHolderForPassword" />
  </parameter>
  <parameter name="Core DB User Name" description="User name to access you Core database." tags="SQL, Hidden, DbUsername">
    <parameterEntry type="TextFile" scope="CreateUser.Core.sql" match="PlaceHolderForUser" />
  </parameter>
  <parameter name="Core DB Password" description="Password to access you Core database." tags="SQL, Hidden, DbUserPassword">
    <parameterEntry type="TextFile" scope="CreateUser.Core.sql" match="PlaceHolderForPassword" />
  </parameter>
  <parameter name="Web DB User Name" description="User name to access you Web database." tags="SQL, Hidden, DbUsername">
    <parameterEntry type="TextFile" scope="CreateUser.Web.sql" match="PlaceHolderForUser" />
  </parameter>
  <parameter name="Web DB Password" description="Password to access you Web database." tags="SQL, Hidden, DbUserPassword">
    <parameterEntry type="TextFile" scope="CreateUser.Web.sql" match="PlaceHolderForPassword" />
  </parameter>
  <parameter name="Core Admin Connection String" description="Connection string to Import the Dacpac and Create DB User in Core Databse" tags="Hidden, SQLConnectionString, NoStore">
    <parameterEntry type="ProviderPath" scope="dbfullsql" match="CreateUser.Core.sql" />
  </parameter>
  <parameter name="Web Admin Connection String" description="Connection string to Import the Dacpac and Create DB User in Web Databse" tags="Hidden, SQLConnectionString, NoStore">
    <parameterEntry type="ProviderPath" scope="dbfullsql" match="CreateUser.Web.sql" />
  </parameter>
  <parameter name="Core Connection String" description="Connection string to enter into config" tags="SQL, Hidden,NoStore">
    <parameterEntry kind="XmlFile" scope="App_Config\\ConnectionStrings\.config$" match="//connectionStrings/add[@name='core']/@connectionString" />
  </parameter>
  <parameter name="Web Connection String" description="Connection string to enter into config" tags="SQL, Hidden,NoStore">
    <parameterEntry kind="XmlFile" scope="App_Config\\ConnectionStrings\.config$" match="//connectionStrings/add[@name='web']/@connectionString" />
  </parameter>
  <parameter name="Redis Connection String" description="Redis Connection String" tags="Hidden,NoStore">
    <parameterEntry kind="XmlFile" scope="App_Config\\ConnectionStrings\.config$" match="//connectionStrings/add[@name='redis.sessions']/@connectionString" />
  </parameter>
  <parameter name="Cloud Search Connection String" description="Sitecore Cloud Search Connection String" tags="Hidden,NoStore">
    <parameterEntry kind="XmlFile" scope="App_Config\\ConnectionStrings\.config$" match="//connectionStrings/add[@name='cloud.search']/@connectionString" />
  </parameter>
  <parameter name="Application Insights Instrumentation Key" description="Sitecore Application Insights Instrumentation Key" tags="Hidden,NoStore">
    <parameterEntry kind="XmlFile" scope="App_Config\\ConnectionStrings\.config$" match="//connectionStrings/add[@name='appinsights.instrumentationkey']/@connectionString" />
  </parameter>
  <parameter name="Application Insights Role" description="Sitecore Application Insights Role" tags="Hidden,NoStore">
    <parameterEntry kind="XmlFile" scope="App_Config\\Include\\zzz\\Sitecore\.Cloud\.ApplicationInsights\.config$" match="//settings/setting[@name='ApplicationInsights.Role']/@value" />
  </parameter>
  <parameter name="License Xml" tags="Hidden,NoStore">
    <parameterEntry type="TextFile" scope= "App_Data\\license.xml" match="LicenseContent" />
  </parameter>
</parameters>
