﻿<?xml version="1.0" encoding="utf-8" ?>
<helpItems xmlns="http://msh" schema="maml">
  <command:command
    xmlns:maml="http://schemas.microsoft.com/maml/2004/10"
    xmlns:command="http://schemas.microsoft.com/maml/dev/command/2004/10"
    xmlns:dev="http://schemas.microsoft.com/maml/dev/2004/10">
    <command:details>
      <command:name>Set-SCArmParameters</command:name>
    </command:details>
    <maml:description>
      <maml:para>Allows you to update Sitecore ARM template parameters file</maml:para>
    </maml:description>
    <command:syntax>
      <command:syntaxItem>
        <maml:name>Set-SCArmParameters</maml:name>
        <command:parameter required="true" variableLength="false" globbing="false" pipelineInput="false" position="named">
          <maml:name>SetKeyValue</maml:name>
          <maml:description>
            <maml:para>Specifies the hashtable required to update the paremters file</maml:para>
          </maml:description>
          <command:parameterValue required="true" variableLength="false">Hashtable</command:parameterValue>
        </command:parameter>
      </command:syntaxItem>
    </command:syntax>
    <command:parameters>
      <!--Add parameter information here-->
    </command:parameters>
    <command:inputTypes>
      <!--Add input type information here-->
    </command:inputTypes>
    <command:returnValues>
      <!--Add return value information here-->
    </command:returnValues>
    <maml:alertSet>
      <!--Add Note information here-->
    </maml:alertSet>
    <command:examples>
      <command:example>
        <maml:title>--------  Example 1: Update parameters file with License and Deployment ID --------</maml:title>
        <maml:introduction>
          <maml:para>
          </maml:para>
        </maml:introduction>
        <dev:code>PS C:\&gt;Set-SCArmParameters -ParametersJson "[Path to your ARM template parameters file]" -SetKeyValue @{"deploymentId" = "[My Deployment Id]"; "licenseXml" = (Get-Content "[Path to your license file]" -Raw -Encoding UTF8)}</dev:code>
        <dev:remarks>
          <maml:para>Note: use -Raw -Encoding UTF8 switches for reading the license file as we want it as a single string and it contains some UTF8 specific characters</maml:para>
        </dev:remarks>
      </command:example>
    </command:examples>
    <maml:relatedLinks>
      <!--Add links to related content here-->
    </maml:relatedLinks>
  </command:command>
</helpItems>